Auto update on Sun Nov 24 04:57:54 UTC 2024
Auto update on Sun Nov 24 05:07:35 UTC 2024
Auto update on Sun Nov 24 05:07:35 UTC 2024
Auto update on Sun Nov 24 05:20:49 UTC 2024
Auto update on Sun Nov 24 05:21:03 UTC 2024
Auto update on Sun Nov 24 05:27:22 UTC 2024
Auto update on Mon Nov 25 01:43:17 UTC 2024
Auto update on Tue Nov 26 01:42:08 UTC 2024
Auto update on Wed Nov 27 01:43:34 UTC 2024
Auto update on Thu Nov 28 01:43:12 UTC 2024
Auto update on Fri Nov 29 01:43:02 UTC 2024
Auto update on Sat Nov 30 01:40:32 UTC 2024
Auto update on Sun Dec  1 01:57:56 UTC 2024
Auto update on Mon Dec  2 01:46:58 UTC 2024
Auto update on Tue Dec  3 01:45:14 UTC 2024
Auto update on Wed Dec  4 01:45:41 UTC 2024
Auto update on Thu Dec  5 01:45:30 UTC 2024
Auto update on Fri Dec  6 01:44:17 UTC 2024
Auto update on Sat Dec  7 01:43:15 UTC 2024
Auto update on Sun Dec  8 01:51:47 UTC 2024
Auto update on Mon Dec  9 01:48:34 UTC 2024
Auto update on Tue Dec 10 01:46:55 UTC 2024
Auto update on Wed Dec 11 01:45:33 UTC 2024
Auto update on Thu Dec 12 01:45:03 UTC 2024
Auto update on Fri Dec 13 01:46:25 UTC 2024
Auto update on Sat Dec 14 01:41:45 UTC 2024
Auto update on Sun Dec 15 01:51:35 UTC 2024
Auto update on Mon Dec 16 01:48:41 UTC 2024
Auto update on Tue Dec 17 01:44:50 UTC 2024
Auto update on Wed Dec 18 01:41:33 UTC 2024
Auto update on Thu Dec 19 01:42:17 UTC 2024
Auto update on Fri Dec 20 01:37:30 UTC 2024
Auto update on Sat Dec 21 01:35:03 UTC 2024
Auto update on Sun Dec 22 01:42:56 UTC 2024
Auto update on Mon Dec 23 01:38:24 UTC 2024
Auto update on Tue Dec 24 01:36:27 UTC 2024
Auto update on Wed Dec 25 01:35:20 UTC 2024
Auto update on Thu Dec 26 01:35:46 UTC 2024
Auto update on Fri Dec 27 01:36:30 UTC 2024
Auto update on Sat Dec 28 01:27:08 UTC 2024
Auto update on Sun Dec 29 01:43:41 UTC 2024
Auto update on Mon Dec 30 01:39:12 UTC 2024
Auto update on Tue Dec 31 01:36:00 UTC 2024
Auto update on Wed Jan  1 01:43:42 UTC 2025
Auto update on Thu Jan  2 01:35:47 UTC 2025
Auto update on Fri Jan  3 01:36:47 UTC 2025
Auto update on Sat Jan  4 01:34:36 UTC 2025
Auto update on Sun Jan  5 01:42:56 UTC 2025
Auto update on Mon Jan  6 01:40:55 UTC 2025
Auto update on Tue Jan  7 01:37:35 UTC 2025
Auto update on Wed Jan  8 01:37:17 UTC 2025
Auto update on Thu Jan  9 02:03:56 UTC 2025
Auto update on Fri Jan 10 01:39:13 UTC 2025
Auto update on Sat Jan 11 01:36:55 UTC 2025
Auto update on Sun Jan 12 01:44:40 UTC 2025
Auto update on Mon Jan 13 01:41:25 UTC 2025
Auto update on Tue Jan 14 01:25:35 UTC 2025
Auto update on Wed Jan 15 01:27:32 UTC 2025
Auto update on Thu Jan 16 01:26:30 UTC 2025
Auto update on Fri Jan 17 01:26:12 UTC 2025
Auto update on Sat Jan 18 01:24:18 UTC 2025
Auto update on Sun Jan 19 01:39:58 UTC 2025
Auto update on Mon Jan 20 01:35:48 UTC 2025
Auto update on Tue Jan 21 01:26:35 UTC 2025
Auto update on Wed Jan 22 01:36:07 UTC 2025
Auto update on Thu Jan 23 01:26:50 UTC 2025
Auto update on Fri Jan 24 01:26:55 UTC 2025
Auto update on Sat Jan 25 01:23:23 UTC 2025
Auto update on Sun Jan 26 01:36:35 UTC 2025
Auto update on Mon Jan 27 01:35:59 UTC 2025
Auto update on Tue Jan 28 01:26:27 UTC 2025
Auto update on Wed Jan 29 01:26:26 UTC 2025
Auto update on Thu Jan 30 01:25:32 UTC 2025
Auto update on Fri Jan 31 01:27:22 UTC 2025
Auto update on Sat Feb  1 01:38:55 UTC 2025
Auto update on Sun Feb  2 01:38:03 UTC 2025
Auto update on Mon Feb  3 01:35:35 UTC 2025
Auto update on Tue Feb  4 01:27:03 UTC 2025
Auto update on Wed Feb  5 01:36:04 UTC 2025
Auto update on Thu Feb  6 01:36:11 UTC 2025
Auto update on Fri Feb  7 01:36:18 UTC 2025
Auto update on Sat Feb  8 01:25:57 UTC 2025
Auto update on Sun Feb  9 01:39:32 UTC 2025
Auto update on Mon Feb 10 01:37:12 UTC 2025
Auto update on Tue Feb 11 01:35:48 UTC 2025
Auto update on Wed Feb 12 01:35:47 UTC 2025
Auto update on Thu Feb 13 01:36:33 UTC 2025
Auto update on Fri Feb 14 01:36:03 UTC 2025
Auto update on Sat Feb 15 01:34:58 UTC 2025
Auto update on Sun Feb 16 01:42:33 UTC 2025
Auto update on Mon Feb 17 01:39:23 UTC 2025
Auto update on Tue Feb 18 01:36:05 UTC 2025
Auto update on Wed Feb 19 01:36:47 UTC 2025
Auto update on Thu Feb 20 01:37:23 UTC 2025
Auto update on Fri Feb 21 01:39:27 UTC 2025
Auto update on Sat Feb 22 01:27:08 UTC 2025
Auto update on Sun Feb 23 01:42:17 UTC 2025
Auto update on Mon Feb 24 01:39:49 UTC 2025
Auto update on Tue Feb 25 01:39:19 UTC 2025
Auto update on Wed Feb 26 01:38:46 UTC 2025
Auto update on Thu Feb 27 01:39:18 UTC 2025
Auto update on Fri Feb 28 01:39:27 UTC 2025
Auto update on Sat Mar  1 01:44:41 UTC 2025
Auto update on Sun Mar  2 01:43:45 UTC 2025
Auto update on Mon Mar  3 01:41:57 UTC 2025
Auto update on Tue Mar  4 01:40:51 UTC 2025
Auto update on Wed Mar  5 01:40:33 UTC 2025
Auto update on Thu Mar  6 01:41:06 UTC 2025
Auto update on Fri Mar  7 01:41:20 UTC 2025
Auto update on Sat Mar  8 01:14:45 UTC 2025
Auto update on Sun Mar  9 01:20:46 UTC 2025
Auto update on Mon Mar 10 01:18:31 UTC 2025
Auto update on Tue Mar 11 01:41:24 UTC 2025
Auto update on Wed Mar 12 01:40:28 UTC 2025
Auto update on Thu Mar 13 01:42:17 UTC 2025
Auto update on Fri Mar 14 01:40:18 UTC 2025
Auto update on Sat Mar 15 01:39:32 UTC 2025
Auto update on Sun Mar 16 01:47:22 UTC 2025
Auto update on Mon Mar 17 01:44:41 UTC 2025
Auto update on Tue Mar 18 01:42:31 UTC 2025
Auto update on Wed Mar 19 01:42:38 UTC 2025
Auto update on Thu Mar 20 01:41:32 UTC 2025
Auto update on Fri Mar 21 01:43:22 UTC 2025
Auto update on Sat Mar 22 01:40:47 UTC 2025
Auto update on Sun Mar 23 01:48:28 UTC 2025
Auto update on Mon Mar 24 01:46:20 UTC 2025
Auto update on Tue Mar 25 01:44:02 UTC 2025
Auto update on Wed Mar 26 01:43:16 UTC 2025
Auto update on Thu Mar 27 01:43:12 UTC 2025
Auto update on Fri Mar 28 01:43:21 UTC 2025
Auto update on Sat Mar 29 01:42:17 UTC 2025
Auto update on Sun Mar 30 01:50:36 UTC 2025
Auto update on Mon Mar 31 01:49:10 UTC 2025
Auto update on Tue Apr  1 01:55:17 UTC 2025
Auto update on Wed Apr  2 01:45:27 UTC 2025
Auto update on Thu Apr  3 01:43:52 UTC 2025
Auto update on Fri Apr  4 01:43:54 UTC 2025
Auto update on Sat Apr  5 01:42:18 UTC 2025
Auto update on Sun Apr  6 01:49:23 UTC 2025
Auto update on Mon Apr  7 01:47:22 UTC 2025
Auto update on Tue Apr  8 01:44:49 UTC 2025
Auto update on Wed Apr  9 01:44:58 UTC 2025
Auto update on Thu Apr 10 01:44:53 UTC 2025
Auto update on Fri Apr 11 01:45:24 UTC 2025
Auto update on Sat Apr 12 01:42:35 UTC 2025
Auto update on Sun Apr 13 03:11:37 UTC 2025
Auto update on Mon Apr 14 01:49:07 UTC 2025
Auto update on Tue Apr 15 01:48:01 UTC 2025
Auto update on Wed Apr 16 01:47:46 UTC 2025
Auto update on Thu Apr 17 01:46:07 UTC 2025
Auto update on Fri Apr 18 01:43:04 UTC 2025
Auto update on Sat Apr 19 01:41:48 UTC 2025
Auto update on Sun Apr 20 01:52:20 UTC 2025
Auto update on Mon Apr 21 01:51:28 UTC 2025
Auto update on Tue Apr 22 01:46:58 UTC 2025
Auto update on Wed Apr 23 01:47:12 UTC 2025
Auto update on Thu Apr 24 01:47:43 UTC 2025
Auto update on Fri Apr 25 01:48:13 UTC 2025
Auto update on Sat Apr 26 01:44:13 UTC 2025
Auto update on Sun Apr 27 01:52:54 UTC 2025
Auto update on Mon Apr 28 01:51:09 UTC 2025
Auto update on Tue Apr 29 01:48:51 UTC 2025
Auto update on Wed Apr 30 01:48:31 UTC 2025
Auto update on Thu May  1 01:57:07 UTC 2025
Auto update on Fri May  2 01:48:58 UTC 2025
Auto update on Sat May  3 01:46:34 UTC 2025
Auto update on Sun May  4 01:58:00 UTC 2025
Auto update on Mon May  5 01:53:17 UTC 2025
Auto update on Tue May  6 01:49:48 UTC 2025
Auto update on Wed May  7 01:50:35 UTC 2025
Auto update on Thu May  8 01:51:04 UTC 2025
Auto update on Fri May  9 01:50:10 UTC 2025
Auto update on Sat May 10 01:45:53 UTC 2025
Auto update on Sun May 11 01:56:35 UTC 2025
Auto update on Mon May 12 01:54:25 UTC 2025
Auto update on Tue May 13 01:51:48 UTC 2025
Auto update on Wed May 14 01:50:30 UTC 2025
Auto update on Thu May 15 01:48:53 UTC 2025
Auto update on Fri May 16 01:52:05 UTC 2025
Auto update on Sat May 17 01:48:35 UTC 2025
Auto update on Sun May 18 01:57:33 UTC 2025
Auto update on Mon May 19 01:56:29 UTC 2025
Auto update on Tue May 20 01:52:42 UTC 2025
Auto update on Wed May 21 01:52:13 UTC 2025
Auto update on Thu May 22 01:51:25 UTC 2025
Auto update on Fri May 23 01:51:27 UTC 2025
Auto update on Sat May 24 01:47:20 UTC 2025
Auto update on Sun May 25 02:00:13 UTC 2025
Auto update on Mon May 26 01:55:11 UTC 2025
Auto update on Tue May 27 01:50:37 UTC 2025
Auto update on Wed May 28 01:52:43 UTC 2025
Auto update on Thu May 29 01:52:24 UTC 2025
Auto update on Fri May 30 01:49:55 UTC 2025
Auto update on Sat May 31 01:49:47 UTC 2025
Auto update on Sun Jun  1 02:10:29 UTC 2025
Auto update on Mon Jun  2 01:57:33 UTC 2025
Auto update on Tue Jun  3 01:54:26 UTC 2025
Auto update on Wed Jun  4 01:54:37 UTC 2025
Auto update on Thu Jun  5 01:53:19 UTC 2025
Auto update on Fri Jun  6 01:52:37 UTC 2025
Auto update on Sat Jun  7 01:51:55 UTC 2025
Auto update on Sun Jun  8 02:02:43 UTC 2025
Auto update on Mon Jun  9 01:59:50 UTC 2025
Auto update on Tue Jun 10 01:55:50 UTC 2025
Auto update on Wed Jun 11 01:55:11 UTC 2025
Auto update on Thu Jun 12 01:53:48 UTC 2025
Auto update on Fri Jun 13 01:54:53 UTC 2025
Auto update on Sat Jun 14 01:50:49 UTC 2025
Auto update on Sun Jun 15 02:04:36 UTC 2025
Auto update on Mon Jun 16 01:58:35 UTC 2025
Auto update on Tue Jun 17 01:55:27 UTC 2025
Auto update on Wed Jun 18 01:54:44 UTC 2025
Auto update on Thu Jun 19 01:55:39 UTC 2025
Auto update on Fri Jun 20 01:54:35 UTC 2025
Auto update on Sat Jun 21 01:52:32 UTC 2025
Auto update on Sun Jun 22 02:03:54 UTC 2025
Auto update on Mon Jun 23 02:02:18 UTC 2025
Auto update on Tue Jun 24 01:56:14 UTC 2025
Auto update on Wed Jun 25 01:56:11 UTC 2025
Auto update on Thu Jun 26 01:55:17 UTC 2025
Auto update on Fri Jun 27 01:56:20 UTC 2025
Auto update on Sat Jun 28 01:52:01 UTC 2025
Auto update on Sun Jun 29 02:06:11 UTC 2025
Auto update on Mon Jun 30 02:01:18 UTC 2025
Auto update on Tue Jul  1 02:06:59 UTC 2025
Auto update on Wed Jul  2 01:55:54 UTC 2025
Auto update on Thu Jul  3 01:56:04 UTC 2025
Auto update on Fri Jul  4 01:55:43 UTC 2025
Auto update on Sat Jul  5 01:51:42 UTC 2025
Auto update on Sun Jul  6 02:04:42 UTC 2025
Auto update on Mon Jul  7 02:01:42 UTC 2025
Auto update on Tue Jul  8 01:56:42 UTC 2025
Auto update on Wed Jul  9 01:58:01 UTC 2025
Auto update on Thu Jul 10 01:58:02 UTC 2025
Auto update on Fri Jul 11 02:00:33 UTC 2025
Auto update on Sat Jul 12 02:01:34 UTC 2025
Auto update on Sun Jul 13 02:09:51 UTC 2025
Auto update on Mon Jul 14 02:05:13 UTC 2025
Auto update on Tue Jul 15 02:04:55 UTC 2025
Auto update on Wed Jul 16 02:01:47 UTC 2025
Auto update on Thu Jul 17 02:02:18 UTC 2025
Auto update on Fri Jul 18 02:03:53 UTC 2025
Auto update on Sat Jul 19 01:57:54 UTC 2025
Auto update on Sun Jul 20 02:11:26 UTC 2025
Auto update on Mon Jul 21 02:08:31 UTC 2025
Auto update on Tue Jul 22 02:03:07 UTC 2025
Auto update on Wed Jul 23 02:03:50 UTC 2025
Auto update on Thu Jul 24 02:02:56 UTC 2025
Auto update on Fri Jul 25 02:02:49 UTC 2025
Auto update on Sat Jul 26 01:59:00 UTC 2025
Auto update on Sun Jul 27 02:18:34 UTC 2025
Auto update on Mon Jul 28 02:09:41 UTC 2025
Auto update on Tue Jul 29 02:20:45 UTC 2025
Auto update on Wed Jul 30 02:05:33 UTC 2025
Auto update on Thu Jul 31 02:05:21 UTC 2025
Auto update on Fri Aug  1 02:22:05 UTC 2025
Auto update on Sat Aug  2 01:59:44 UTC 2025
Auto update on Sun Aug  3 02:20:43 UTC 2025
Auto update on Mon Aug  4 02:20:19 UTC 2025
Auto update on Tue Aug  5 02:08:16 UTC 2025
Auto update on Wed Aug  6 02:06:30 UTC 2025
Auto update on Thu Aug  7 02:06:56 UTC 2025
Auto update on Fri Aug  8 02:06:19 UTC 2025
Auto update on Sat Aug  9 01:55:26 UTC 2025
Auto update on Sun Aug 10 02:10:16 UTC 2025
Auto update on Mon Aug 11 02:06:35 UTC 2025
Auto update on Tue Aug 12 01:54:36 UTC 2025
Auto update on Wed Aug 13 01:56:41 UTC 2025
Auto update on Thu Aug 14 01:56:56 UTC 2025
Auto update on Fri Aug 15 01:57:36 UTC 2025
Auto update on Sat Aug 16 01:52:02 UTC 2025
Auto update on Sun Aug 17 02:03:21 UTC 2025
Auto update on Mon Aug 18 02:04:01 UTC 2025
Auto update on Tue Aug 19 01:51:15 UTC 2025
Auto update on Wed Aug 20 01:49:20 UTC 2025
Auto update on Thu Aug 21 01:48:08 UTC 2025
Auto update on Fri Aug 22 01:48:51 UTC 2025
Auto update on Sat Aug 23 01:44:51 UTC 2025
Auto update on Sun Aug 24 01:59:02 UTC 2025
Auto update on Mon Aug 25 01:53:31 UTC 2025
Auto update on Tue Aug 26 01:49:39 UTC 2025
Auto update on Wed Aug 27 01:46:30 UTC 2025
Auto update on Thu Aug 28 01:45:39 UTC 2025
Auto update on Fri Aug 29 01:45:25 UTC 2025
Auto update on Sat Aug 30 01:40:11 UTC 2025
Auto update on Sun Aug 31 01:50:41 UTC 2025
Auto update on Mon Sep  1 02:00:33 UTC 2025
Auto update on Tue Sep  2 01:47:13 UTC 2025
Auto update on Wed Sep  3 01:40:12 UTC 2025
Auto update on Thu Sep  4 01:40:30 UTC 2025
Auto update on Fri Sep  5 01:42:58 UTC 2025
Auto update on Sat Sep  6 01:39:54 UTC 2025
Auto update on Sun Sep  7 01:48:18 UTC 2025
Auto update on Mon Sep  8 01:48:04 UTC 2025
Auto update on Tue Sep  9 01:44:41 UTC 2025
Auto update on Wed Sep 10 01:41:14 UTC 2025
Auto update on Thu Sep 11 01:43:52 UTC 2025
Auto update on Fri Sep 12 01:39:43 UTC 2025
Auto update on Sat Sep 13 01:35:35 UTC 2025
Auto update on Sun Sep 14 01:47:48 UTC 2025
Auto update on Mon Sep 15 01:49:11 UTC 2025
Auto update on Tue Sep 16 01:40:57 UTC 2025
Auto update on Wed Sep 17 01:40:46 UTC 2025
Auto update on Thu Sep 18 01:40:52 UTC 2025
Auto update on Fri Sep 19 01:43:47 UTC 2025
Auto update on Sat Sep 20 01:39:02 UTC 2025
Auto update on Sun Sep 21 01:50:47 UTC 2025
Auto update on Mon Sep 22 01:50:36 UTC 2025
Auto update on Tue Sep 23 01:41:39 UTC 2025
Auto update on Wed Sep 24 01:42:56 UTC 2025
Auto update on Thu Sep 25 01:43:37 UTC 2025
Auto update on Fri Sep 26 01:42:58 UTC 2025
Auto update on Sat Sep 27 01:38:43 UTC 2025
Auto update on Sun Sep 28 01:51:34 UTC 2025
Auto update on Mon Sep 29 01:45:56 UTC 2025
Auto update on Tue Sep 30 01:41:00 UTC 2025
Auto update on Wed Oct  1 01:53:05 UTC 2025
Auto update on Thu Oct  2 01:41:12 UTC 2025
Auto update on Fri Oct  3 01:40:55 UTC 2025
Auto update on Sat Oct  4 01:37:34 UTC 2025
Auto update on Sun Oct  5 01:50:51 UTC 2025
Auto update on Mon Oct  6 01:44:07 UTC 2025
Auto update on Tue Oct  7 01:41:45 UTC 2025
Auto update on Wed Oct  8 01:42:11 UTC 2025
Auto update on Thu Oct  9 01:42:46 UTC 2025
Auto update on Fri Oct 10 01:43:33 UTC 2025
Auto update on Sat Oct 11 01:39:02 UTC 2025
Auto update on Sun Oct 12 01:46:40 UTC 2025
Auto update on Mon Oct 13 01:50:07 UTC 2025
Auto update on Tue Oct 14 01:43:34 UTC 2025
Auto update on Wed Oct 15 01:46:34 UTC 2025
Auto update on Thu Oct 16 01:45:23 UTC 2025
Auto update on Fri Oct 17 01:44:19 UTC 2025
Auto update on Sat Oct 18 01:39:30 UTC 2025
Auto update on Sun Oct 19 01:55:55 UTC 2025
Auto update on Mon Oct 20 01:53:13 UTC 2025
Auto update on Tue Oct 21 01:47:24 UTC 2025
Auto update on Wed Oct 22 01:50:29 UTC 2025
Auto update on Thu Oct 23 01:46:07 UTC 2025
Auto update on Fri Oct 24 01:42:11 UTC 2025
Auto update on Sat Oct 25 01:43:44 UTC 2025
Auto update on Sun Oct 26 01:52:27 UTC 2025
Auto update on Mon Oct 27 01:56:24 UTC 2025
Auto update on Tue Oct 28 01:46:19 UTC 2025
Auto update on Wed Oct 29 01:53:02 UTC 2025
Auto update on Thu Oct 30 01:52:39 UTC 2025
Auto update on Fri Oct 31 01:49:11 UTC 2025
Auto update on Sat Nov  1 01:52:41 UTC 2025
Auto update on Sun Nov  2 01:55:09 UTC 2025
Auto update on Mon Nov  3 01:54:20 UTC 2025
Auto update on Tue Nov  4 01:49:55 UTC 2025
Auto update on Wed Nov  5 01:51:09 UTC 2025
Auto update on Thu Nov  6 01:51:19 UTC 2025
Auto update on Fri Nov  7 01:49:46 UTC 2025
Auto update on Sat Nov  8 01:54:38 UTC 2025
Auto update on Sun Nov  9 01:53:58 UTC 2025
Auto update on Mon Nov 10 01:55:38 UTC 2025
Auto update on Tue Nov 11 01:51:56 UTC 2025
Auto update on Wed Nov 12 01:51:02 UTC 2025
Auto update on Thu Nov 13 01:52:49 UTC 2025
Auto update on Fri Nov 14 01:51:53 UTC 2025
Auto update on Sat Nov 15 01:47:37 UTC 2025
Auto update on Sun Nov 16 01:57:01 UTC 2025
Auto update on Mon Nov 17 01:52:41 UTC 2025
Auto update on Tue Nov 18 01:50:41 UTC 2025
Auto update on Wed Nov 19 01:50:50 UTC 2025
Auto update on Thu Nov 20 01:49:13 UTC 2025
Auto update on Fri Nov 21 01:50:17 UTC 2025
Auto update on Sat Nov 22 01:46:19 UTC 2025
Auto update on Sun Nov 23 02:04:39 UTC 2025
Auto update on Mon Nov 24 01:58:45 UTC 2025
Auto update on Tue Nov 25 01:52:30 UTC 2025
Auto update on Wed Nov 26 01:52:24 UTC 2025
Auto update on Thu Nov 27 01:50:03 UTC 2025
Auto update on Fri Nov 28 01:49:58 UTC 2025
Auto update on Sat Nov 29 01:49:40 UTC 2025
Auto update on Sun Nov 30 02:03:27 UTC 2025
Auto update on Mon Dec  1 02:11:04 UTC 2025
Auto update on Tue Dec  2 01:54:38 UTC 2025
Auto update on Wed Dec  3 01:54:04 UTC 2025
Auto update on Thu Dec  4 01:55:02 UTC 2025
Auto update on Fri Dec  5 01:55:21 UTC 2025
Auto update on Sat Dec  6 01:48:51 UTC 2025
Auto update on Sun Dec  7 02:04:07 UTC 2025
Auto update on Mon Dec  8 01:56:14 UTC 2025
Auto update on Tue Dec  9 01:55:19 UTC 2025
Auto update on Wed Dec 10 01:57:05 UTC 2025
Auto update on Thu Dec 11 01:58:51 UTC 2025
Auto update on Fri Dec 12 01:57:57 UTC 2025
Auto update on Sat Dec 13 01:51:57 UTC 2025
Auto update on Sun Dec 14 02:04:36 UTC 2025
Auto update on Mon Dec 15 02:02:12 UTC 2025
Auto update on Tue Dec 16 01:58:42 UTC 2025
Auto update on Wed Dec 17 01:54:05 UTC 2025
Auto update on Thu Dec 18 01:54:34 UTC 2025
Auto update on Fri Dec 19 01:57:36 UTC 2025
Auto update on Sat Dec 20 01:51:36 UTC 2025
Auto update on Sun Dec 21 02:04:37 UTC 2025
Auto update on Mon Dec 22 02:03:52 UTC 2025
